INSERT INTO HALL (id, name) VALUES (2, 'Hall A');
INSERT INTO HALL (id, name) VALUES (3, 'Hall B');
INSERT INTO HALL (id, name) VALUES (4, 'Hall C');
INSERT INTO STAGE (id, hall_id, name) VALUES (2, 2, 'Stage 2');
INSERT INTO STAGE (id, hall_id, name) VALUES (3, 3, 'Stage 3');
INSERT INTO STAGE (id, hall_id, name) VALUES (4, 4, 'Stage 4');
INSERT INTO STAGE_SEAT (id, `row`, col, `limit`, stage_id) VALUES (1, 1, 1, 2, 2);
INSERT INTO STAGE_SEAT (id, `row`, col, `limit`, stage_id) VALUES (2, 2, 1, 2, 2);
INSERT INTO STAGE_SEAT (id, `row`, col, `limit`, stage_id) VALUES (3, 3, 1, 2, 2);
INSERT INTO STAGE_SEAT (id, `row`, col, `limit`, stage_id) VALUES (4, 4, 1, 2, 2);
INSERT INTO STAGE_SEAT (id, `row`, col, `limit`, stage_id) VALUES (5, 5, 1, 2, 2);
INSERT INTO STAGE_SEAT (id, `row`, col, `limit`, stage_id) VALUES (6, 6, 1, 2, 2);
INSERT INTO STAGE_SEAT (id, `row`, col, `limit`, stage_id) VALUES (7, 7, 1, 2, 2);
INSERT INTO STAGE_SEAT (id, `row`, col, `limit`, stage_id) VALUES (8, 8, 1, 2, 2);
INSERT INTO STAGE_SEAT (id, `row`, col, `limit`, stage_id) VALUES (9, 9, 1, 2, 2);
INSERT INTO STAGE_SEAT (id, `row`, col, `limit`, stage_id) VALUES (10, 10, 1, 2, 2);
INSERT INTO STAGE_SEAT (id, `row`, col, `limit`, stage_id) VALUES (11, 11, 1, 2, 2);
INSERT INTO STAGE_SEAT (id, `row`, col, `limit`, stage_id) VALUES (12, 12, 1, 2, 2);
INSERT INTO STAGE_SEAT (id, `row`, col, `limit`, stage_id) VALUES (13, 13, 1, 2, 2);
INSERT INTO STAGE_SEAT (id, `row`, col, `limit`, stage_id) VALUES (14, 14, 1, 2, 2);
INSERT INTO STAGE_SEAT (id, `row`, col, `limit`, stage_id) VALUES (15, 15, 1, 2, 2);
INSERT INTO STAGE_SEAT (id, `row`, col, `limit`, stage_id) VALUES (16, 16, 1, 2, 2);
INSERT INTO STAGE_SEAT (id, `row`, col, `limit`, stage_id) VALUES (17, 17, 1, 2, 2);
INSERT INTO STAGE_SEAT (id, `row`, col, `limit`, stage_id) VALUES (18, 18, 1, 2, 2);
INSERT INTO STAGE_SEAT (id, `row`, col, `limit`, stage_id) VALUES (19, 19, 1, 2, 2);
INSERT INTO STAGE_SEAT (id, `row`, col, `limit`, stage_id) VALUES (20, 20, 1, 2, 2);
INSERT INTO STAGE_SEAT (id, `row`, col, `limit`, stage_id) VALUES (21, 21, 1, 2, 2);
INSERT INTO STAGE_SEAT (id, `row`, col, `limit`, stage_id) VALUES (22, 22, 1, 2, 2);
INSERT INTO STAGE_SEAT (id, `row`, col, `limit`, stage_id) VALUES (23, 23, 1, 2, 2);
INSERT INTO STAGE_SEAT (id, `row`, col, `limit`, stage_id) VALUES (24, 24, 1, 2, 2);
INSERT INTO STAGE_SEAT (id, `row`, col, `limit`, stage_id) VALUES (25, 25, 1, 2, 2);
INSERT INTO STAGE_SEAT (id, `row`, col, `limit`, stage_id) VALUES (26, 26, 1, 2, 2);
INSERT INTO STAGE_SEAT (id, `row`, col, `limit`, stage_id) VALUES (27, 27, 1, 2, 2);
INSERT INTO STAGE_SEAT (id, `row`, col, `limit`, stage_id) VALUES (28, 28, 1, 2, 2);
INSERT INTO STAGE_SEAT (id, `row`, col, `limit`, stage_id) VALUES (29, 29, 1, 2, 2);
INSERT INTO STAGE_SEAT (id, `row`, col, `limit`, stage_id) VALUES (30, 30, 1, 2, 2);
INSERT INTO STAGE_SEAT (id, `row`, col, `limit`, stage_id) VALUES (31, 31, 1, 2, 2);
INSERT INTO STAGE_SEAT (id, `row`, col, `limit`, stage_id) VALUES (32, 32, 1, 2, 2);
INSERT INTO STAGE_SEAT (id, `row`, col, `limit`, stage_id) VALUES (33, 33, 1, 2, 2);
INSERT INTO STAGE_SEAT (id, `row`, col, `limit`, stage_id) VALUES (34, 34, 1, 2, 2);
INSERT INTO STAGE_SEAT (id, `row`, col, `limit`, stage_id) VALUES (35, 35, 1, 2, 2);
INSERT INTO STAGE_SEAT (id, `row`, col, `limit`, stage_id) VALUES (36, 36, 1, 2, 2);
INSERT INTO STAGE_SEAT (id, `row`, col, `limit`, stage_id) VALUES (37, 37, 1, 2, 2);
INSERT INTO STAGE_SEAT (id, `row`, col, `limit`, stage_id) VALUES (38, 38, 1, 2, 2);
INSERT INTO STAGE_SEAT (id, `row`, col, `limit`, stage_id) VALUES (39, 39, 1, 2, 2);
INSERT INTO STAGE_SEAT (id, `row`, col, `limit`, stage_id) VALUES (40, 40, 1, 2, 2);
INSERT INTO STAGE_SEAT (id, `row`, col, `limit`, stage_id) VALUES (41, 41, 1, 2, 2);
INSERT INTO STAGE_SEAT (id, `row`, col, `limit`, stage_id) VALUES (42, 42, 1, 2, 2);
INSERT INTO STAGE_SEAT (id, `row`, col, `limit`, stage_id) VALUES (43, 43, 1, 2, 2);
INSERT INTO STAGE_SEAT (id, `row`, col, `limit`, stage_id) VALUES (44, 44, 1, 2, 2);
INSERT INTO STAGE_SEAT (id, `row`, col, `limit`, stage_id) VALUES (45, 45, 1, 2, 2);
INSERT INTO STAGE_SEAT (id, `row`, col, `limit`, stage_id) VALUES (46, 46, 1, 2, 2);
INSERT INTO STAGE_SEAT (id, `row`, col, `limit`, stage_id) VALUES (47, 47, 1, 2, 2);
INSERT INTO STAGE_SEAT (id, `row`, col, `limit`, stage_id) VALUES (48, 48, 1, 2, 2);
INSERT INTO STAGE_SEAT (id, `row`, col, `limit`, stage_id) VALUES (49, 49, 1, 2, 2);
INSERT INTO STAGE_SEAT (id, `row`, col, `limit`, stage_id) VALUES (50, 50, 1, 2, 2);
INSERT INTO STAGE_SEAT (id, `row`, col, `limit`, stage_id) VALUES (1, 1, 1, 2, 3);
INSERT INTO STAGE_SEAT (id, `row`, col, `limit`, stage_id) VALUES (2, 2, 1, 2, 3);
INSERT INTO STAGE_SEAT (id, `row`, col, `limit`, stage_id) VALUES (3, 3, 1, 2, 3);
INSERT INTO STAGE_SEAT (id, `row`, col, `limit`, stage_id) VALUES (4, 4, 1, 2, 3);
INSERT INTO STAGE_SEAT (id, `row`, col, `limit`, stage_id) VALUES (5, 5, 1, 2, 3);
INSERT INTO STAGE_SEAT (id, `row`, col, `limit`, stage_id) VALUES (6, 6, 1, 2, 3);
INSERT INTO STAGE_SEAT (id, `row`, col, `limit`, stage_id) VALUES (7, 7, 1, 2, 3);
INSERT INTO STAGE_SEAT (id, `row`, col, `limit`, stage_id) VALUES (8, 8, 1, 2, 3);
INSERT INTO STAGE_SEAT (id, `row`, col, `limit`, stage_id) VALUES (9, 9, 1, 2, 3);
INSERT INTO STAGE_SEAT (id, `row`, col, `limit`, stage_id) VALUES (10, 10, 1, 2, 3);
INSERT INTO STAGE_SEAT (id, `row`, col, `limit`, stage_id) VALUES (11, 11, 1, 2, 3);
INSERT INTO STAGE_SEAT (id, `row`, col, `limit`, stage_id) VALUES (12, 12, 1, 2, 3);
INSERT INTO STAGE_SEAT (id, `row`, col, `limit`, stage_id) VALUES (13, 13, 1, 2, 3);
INSERT INTO STAGE_SEAT (id, `row`, col, `limit`, stage_id) VALUES (14, 14, 1, 2, 3);
INSERT INTO STAGE_SEAT (id, `row`, col, `limit`, stage_id) VALUES (15, 15, 1, 2, 3);
INSERT INTO STAGE_SEAT (id, `row`, col, `limit`, stage_id) VALUES (16, 16, 1, 2, 3);
INSERT INTO STAGE_SEAT (id, `row`, col, `limit`, stage_id) VALUES (17, 17, 1, 2, 3);
INSERT INTO STAGE_SEAT (id, `row`, col, `limit`, stage_id) VALUES (18, 18, 1, 2, 3);
INSERT INTO STAGE_SEAT (id, `row`, col, `limit`, stage_id) VALUES (19, 19, 1, 2, 3);
INSERT INTO STAGE_SEAT (id, `row`, col, `limit`, stage_id) VALUES (20, 20, 1, 2, 3);
INSERT INTO STAGE_SEAT (id, `row`, col, `limit`, stage_id) VALUES (21, 21, 1, 2, 3);
INSERT INTO STAGE_SEAT (id, `row`, col, `limit`, stage_id) VALUES (22, 22, 1, 2, 3);
INSERT INTO STAGE_SEAT (id, `row`, col, `limit`, stage_id) VALUES (23, 23, 1, 2, 3);
INSERT INTO STAGE_SEAT (id, `row`, col, `limit`, stage_id) VALUES (24, 24, 1, 2, 3);
INSERT INTO STAGE_SEAT (id, `row`, col, `limit`, stage_id) VALUES (25, 25, 1, 2, 3);
INSERT INTO STAGE_SEAT (id, `row`, col, `limit`, stage_id) VALUES (26, 26, 1, 2, 3);
INSERT INTO STAGE_SEAT (id, `row`, col, `limit`, stage_id) VALUES (27, 27, 1, 2, 3);
INSERT INTO STAGE_SEAT (id, `row`, col, `limit`, stage_id) VALUES (28, 28, 1, 2, 3);
INSERT INTO STAGE_SEAT (id, `row`, col, `limit`, stage_id) VALUES (29, 29, 1, 2, 3);
INSERT INTO STAGE_SEAT (id, `row`, col, `limit`, stage_id) VALUES (30, 30, 1, 2, 3);
INSERT INTO STAGE_SEAT (id, `row`, col, `limit`, stage_id) VALUES (31, 31, 1, 2, 3);
INSERT INTO STAGE_SEAT (id, `row`, col, `limit`, stage_id) VALUES (32, 32, 1, 2, 3);
INSERT INTO STAGE_SEAT (id, `row`, col, `limit`, stage_id) VALUES (33, 33, 1, 2, 3);
INSERT INTO STAGE_SEAT (id, `row`, col, `limit`, stage_id) VALUES (34, 34, 1, 2, 3);
INSERT INTO STAGE_SEAT (id, `row`, col, `limit`, stage_id) VALUES (35, 35, 1, 2, 3);
INSERT INTO STAGE_SEAT (id, `row`, col, `limit`, stage_id) VALUES (36, 36, 1, 2, 3);
INSERT INTO STAGE_SEAT (id, `row`, col, `limit`, stage_id) VALUES (37, 37, 1, 2, 3);
INSERT INTO STAGE_SEAT (id, `row`, col, `limit`, stage_id) VALUES (38, 38, 1, 2, 3);
INSERT INTO STAGE_SEAT (id, `row`, col, `limit`, stage_id) VALUES (39, 39, 1, 2, 3);
INSERT INTO STAGE_SEAT (id, `row`, col, `limit`, stage_id) VALUES (40, 40, 1, 2, 3);
INSERT INTO STAGE_SEAT (id, `row`, col, `limit`, stage_id) VALUES (41, 41, 1, 2, 3);
INSERT INTO STAGE_SEAT (id, `row`, col, `limit`, stage_id) VALUES (42, 42, 1, 2, 3);
INSERT INTO STAGE_SEAT (id, `row`, col, `limit`, stage_id) VALUES (43, 43, 1, 2, 3);
INSERT INTO STAGE_SEAT (id, `row`, col, `limit`, stage_id) VALUES (44, 44, 1, 2, 3);
INSERT INTO STAGE_SEAT (id, `row`, col, `limit`, stage_id) VALUES (45, 45, 1, 2, 3);
INSERT INTO STAGE_SEAT (id, `row`, col, `limit`, stage_id) VALUES (46, 46, 1, 2, 3);
INSERT INTO STAGE_SEAT (id, `row`, col, `limit`, stage_id) VALUES (47, 47, 1, 2, 3);
INSERT INTO STAGE_SEAT (id, `row`, col, `limit`, stage_id) VALUES (48, 48, 1, 2, 3);
INSERT INTO STAGE_SEAT (id, `row`, col, `limit`, stage_id) VALUES (49, 49, 1, 2, 3);
INSERT INTO STAGE_SEAT (id, `row`, col, `limit`, stage_id) VALUES (50, 50, 1, 2, 3);
INSERT INTO STAGE_SEAT (id, `row`, col, `limit`, stage_id) VALUES (51, 51, 1, 2, 3);
INSERT INTO STAGE_SEAT (id, `row`, col, `limit`, stage_id) VALUES (52, 52, 1, 2, 3);
INSERT INTO STAGE_SEAT (id, `row`, col, `limit`, stage_id) VALUES (53, 53, 1, 2, 3);
INSERT INTO STAGE_SEAT (id, `row`, col, `limit`, stage_id) VALUES (54, 54, 1, 2, 3);
INSERT INTO STAGE_SEAT (id, `row`, col, `limit`, stage_id) VALUES (55, 55, 1, 2, 3);
INSERT INTO STAGE_SEAT (id, `row`, col, `limit`, stage_id) VALUES (56, 56, 1, 2, 3);
INSERT INTO STAGE_SEAT (id, `row`, col, `limit`, stage_id) VALUES (57, 57, 1, 2, 3);
INSERT INTO STAGE_SEAT (id, `row`, col, `limit`, stage_id) VALUES (58, 58, 1, 2, 3);
INSERT INTO STAGE_SEAT (id, `row`, col, `limit`, stage_id) VALUES (59, 59, 1, 2, 3);
INSERT INTO STAGE_SEAT (id, `row`, col, `limit`, stage_id) VALUES (60, 60, 1, 2, 3);
INSERT INTO STAGE_SEAT (id, `row`, col, `limit`, stage_id) VALUES (61, 61, 1, 2, 3);
INSERT INTO STAGE_SEAT (id, `row`, col, `limit`, stage_id) VALUES (62, 62, 1, 2, 3);
INSERT INTO STAGE_SEAT (id, `row`, col, `limit`, stage_id) VALUES (63, 63, 1, 2, 3);
INSERT INTO STAGE_SEAT (id, `row`, col, `limit`, stage_id) VALUES (64, 64, 1, 2, 3);
INSERT INTO STAGE_SEAT (id, `row`, col, `limit`, stage_id) VALUES (65, 65, 1, 2, 3);
INSERT INTO STAGE_SEAT (id, `row`, col, `limit`, stage_id) VALUES (66, 66, 1, 2, 3);
INSERT INTO STAGE_SEAT (id, `row`, col, `limit`, stage_id) VALUES (67, 67, 1, 2, 3);
INSERT INTO STAGE_SEAT (id, `row`, col, `limit`, stage_id) VALUES (68, 68, 1, 2, 3);
INSERT INTO STAGE_SEAT (id, `row`, col, `limit`, stage_id) VALUES (69, 69, 1, 2, 3);
INSERT INTO STAGE_SEAT (id, `row`, col, `limit`, stage_id) VALUES (70, 70, 1, 2, 3);
INSERT INTO STAGE_SEAT (id, `row`, col, `limit`, stage_id) VALUES (71, 71, 1, 2, 3);
INSERT INTO STAGE_SEAT (id, `row`, col, `limit`, stage_id) VALUES (72, 72, 1, 2, 3);
INSERT INTO STAGE_SEAT (id, `row`, col, `limit`, stage_id) VALUES (73, 73, 1, 2, 3);
INSERT INTO STAGE_SEAT (id, `row`, col, `limit`, stage_id) VALUES (74, 74, 1, 2, 3);
INSERT INTO STAGE_SEAT (id, `row`, col, `limit`, stage_id) VALUES (75, 75, 1, 2, 3);
INSERT INTO STAGE_SEAT (id, `row`, col, `limit`, stage_id) VALUES (76, 76, 1, 2, 3);
INSERT INTO STAGE_SEAT (id, `row`, col, `limit`, stage_id) VALUES (77, 77, 1, 2, 3);
INSERT INTO STAGE_SEAT (id, `row`, col, `limit`, stage_id) VALUES (78, 78, 1, 2, 3);
INSERT INTO STAGE_SEAT (id, `row`, col, `limit`, stage_id) VALUES (79, 79, 1, 2, 3);
INSERT INTO STAGE_SEAT (id, `row`, col, `limit`, stage_id) VALUES (80, 80, 1, 2, 3);
INSERT INTO STAGE_SEAT (id, `row`, col, `limit`, stage_id) VALUES (81, 81, 1, 2, 3);
INSERT INTO STAGE_SEAT (id, `row`, col, `limit`, stage_id) VALUES (82, 82, 1, 2, 3);
INSERT INTO STAGE_SEAT (id, `row`, col, `limit`, stage_id) VALUES (83, 83, 1, 2, 3);
INSERT INTO STAGE_SEAT (id, `row`, col, `limit`, stage_id) VALUES (84, 84, 1, 2, 3);
INSERT INTO STAGE_SEAT (id, `row`, col, `limit`, stage_id) VALUES (85, 85, 1, 2, 3);
INSERT INTO STAGE_SEAT (id, `row`, col, `limit`, stage_id) VALUES (86, 86, 1, 2, 3);
INSERT INTO STAGE_SEAT (id, `row`, col, `limit`, stage_id) VALUES (87, 87, 1, 2, 3);
INSERT INTO STAGE_SEAT (id, `row`, col, `limit`, stage_id) VALUES (88, 88, 1, 2, 3);
INSERT INTO STAGE_SEAT (id, `row`, col, `limit`, stage_id) VALUES (89, 89, 1, 2, 3);
INSERT INTO STAGE_SEAT (id, `row`, col, `limit`, stage_id) VALUES (90, 90, 1, 2, 3);
INSERT INTO STAGE_SEAT (id, `row`, col, `limit`, stage_id) VALUES (91, 91, 1, 2, 3);
INSERT INTO STAGE_SEAT (id, `row`, col, `limit`, stage_id) VALUES (92, 92, 1, 2, 3);
INSERT INTO STAGE_SEAT (id, `row`, col, `limit`, stage_id) VALUES (93, 93, 1, 2, 3);
INSERT INTO STAGE_SEAT (id, `row`, col, `limit`, stage_id) VALUES (94, 94, 1, 2, 3);
INSERT INTO STAGE_SEAT (id, `row`, col, `limit`, stage_id) VALUES (95, 95, 1, 2, 3);
INSERT INTO STAGE_SEAT (id, `row`, col, `limit`, stage_id) VALUES (96, 96, 1, 2, 3);
INSERT INTO STAGE_SEAT (id, `row`, col, `limit`, stage_id) VALUES (97, 97, 1, 2, 3);
INSERT INTO STAGE_SEAT (id, `row`, col, `limit`, stage_id) VALUES (98, 98, 1, 2, 3);
INSERT INTO STAGE_SEAT (id, `row`, col, `limit`, stage_id) VALUES (99, 99, 1, 2, 3);
INSERT INTO STAGE_SEAT (id, `row`, col, `limit`, stage_id) VALUES (100, 100, 1, 2, 3);
INSERT INTO STAGE_SEAT (id, `row`, col, `limit`, stage_id) VALUES (1, 1, 1, 2, 4);
INSERT INTO STAGE_SEAT (id, `row`, col, `limit`, stage_id) VALUES (2, 2, 1, 2, 4);
INSERT INTO STAGE_SEAT (id, `row`, col, `limit`, stage_id) VALUES (3, 3, 1, 2, 4);
INSERT INTO STAGE_SEAT (id, `row`, col, `limit`, stage_id) VALUES (4, 4, 1, 2, 4);
INSERT INTO STAGE_SEAT (id, `row`, col, `limit`, stage_id) VALUES (5, 5, 1, 2, 4);
INSERT INTO STAGE_SEAT (id, `row`, col, `limit`, stage_id) VALUES (6, 6, 1, 2, 4);
INSERT INTO STAGE_SEAT (id, `row`, col, `limit`, stage_id) VALUES (7, 7, 1, 2, 4);
INSERT INTO STAGE_SEAT (id, `row`, col, `limit`, stage_id) VALUES (8, 8, 1, 2, 4);
INSERT INTO STAGE_SEAT (id, `row`, col, `limit`, stage_id) VALUES (9, 9, 1, 2, 4);
INSERT INTO STAGE_SEAT (id, `row`, col, `limit`, stage_id) VALUES (10, 10, 1, 2, 4);
INSERT INTO STAGE_SEAT (id, `row`, col, `limit`, stage_id) VALUES (11, 11, 1, 2, 4);
INSERT INTO STAGE_SEAT (id, `row`, col, `limit`, stage_id) VALUES (12, 12, 1, 2, 4);
INSERT INTO STAGE_SEAT (id, `row`, col, `limit`, stage_id) VALUES (13, 13, 1, 2, 4);
INSERT INTO STAGE_SEAT (id, `row`, col, `limit`, stage_id) VALUES (14, 14, 1, 2, 4);
INSERT INTO STAGE_SEAT (id, `row`, col, `limit`, stage_id) VALUES (15, 15, 1, 2, 4);
INSERT INTO STAGE_SEAT (id, `row`, col, `limit`, stage_id) VALUES (16, 16, 1, 2, 4);
INSERT INTO STAGE_SEAT (id, `row`, col, `limit`, stage_id) VALUES (17, 17, 1, 2, 4);
INSERT INTO STAGE_SEAT (id, `row`, col, `limit`, stage_id) VALUES (18, 18, 1, 2, 4);
INSERT INTO STAGE_SEAT (id, `row`, col, `limit`, stage_id) VALUES (19, 19, 1, 2, 4);
INSERT INTO STAGE_SEAT (id, `row`, col, `limit`, stage_id) VALUES (20, 20, 1, 2, 4);
INSERT INTO STAGE_SEAT (id, `row`, col, `limit`, stage_id) VALUES (21, 21, 1, 2, 4);
INSERT INTO STAGE_SEAT (id, `row`, col, `limit`, stage_id) VALUES (22, 22, 1, 2, 4);
INSERT INTO STAGE_SEAT (id, `row`, col, `limit`, stage_id) VALUES (23, 23, 1, 2, 4);
INSERT INTO STAGE_SEAT (id, `row`, col, `limit`, stage_id) VALUES (24, 24, 1, 2, 4);
INSERT INTO STAGE_SEAT (id, `row`, col, `limit`, stage_id) VALUES (25, 25, 1, 2, 4);
INSERT INTO STAGE_SEAT (id, `row`, col, `limit`, stage_id) VALUES (26, 26, 1, 2, 4);
INSERT INTO STAGE_SEAT (id, `row`, col, `limit`, stage_id) VALUES (27, 27, 1, 2, 4);
INSERT INTO STAGE_SEAT (id, `row`, col, `limit`, stage_id) VALUES (28, 28, 1, 2, 4);
INSERT INTO STAGE_SEAT (id, `row`, col, `limit`, stage_id) VALUES (29, 29, 1, 2, 4);
INSERT INTO STAGE_SEAT (id, `row`, col, `limit`, stage_id) VALUES (30, 30, 1, 2, 4);
INSERT INTO STAGE_SEAT (id, `row`, col, `limit`, stage_id) VALUES (31, 31, 1, 2, 4);
INSERT INTO STAGE_SEAT (id, `row`, col, `limit`, stage_id) VALUES (32, 32, 1, 2, 4);
INSERT INTO STAGE_SEAT (id, `row`, col, `limit`, stage_id) VALUES (33, 33, 1, 2, 4);
INSERT INTO STAGE_SEAT (id, `row`, col, `limit`, stage_id) VALUES (34, 34, 1, 2, 4);
INSERT INTO STAGE_SEAT (id, `row`, col, `limit`, stage_id) VALUES (35, 35, 1, 2, 4);
INSERT INTO STAGE_SEAT (id, `row`, col, `limit`, stage_id) VALUES (36, 36, 1, 2, 4);
INSERT INTO STAGE_SEAT (id, `row`, col, `limit`, stage_id) VALUES (37, 37, 1, 2, 4);
INSERT INTO STAGE_SEAT (id, `row`, col, `limit`, stage_id) VALUES (38, 38, 1, 2, 4);
INSERT INTO STAGE_SEAT (id, `row`, col, `limit`, stage_id) VALUES (39, 39, 1, 2, 4);
INSERT INTO STAGE_SEAT (id, `row`, col, `limit`, stage_id) VALUES (40, 40, 1, 2, 4);
INSERT INTO STAGE_SEAT (id, `row`, col, `limit`, stage_id) VALUES (41, 41, 1, 2, 4);
INSERT INTO STAGE_SEAT (id, `row`, col, `limit`, stage_id) VALUES (42, 42, 1, 2, 4);
INSERT INTO STAGE_SEAT (id, `row`, col, `limit`, stage_id) VALUES (43, 43, 1, 2, 4);
INSERT INTO STAGE_SEAT (id, `row`, col, `limit`, stage_id) VALUES (44, 44, 1, 2, 4);
INSERT INTO STAGE_SEAT (id, `row`, col, `limit`, stage_id) VALUES (45, 45, 1, 2, 4);
INSERT INTO STAGE_SEAT (id, `row`, col, `limit`, stage_id) VALUES (46, 46, 1, 2, 4);
INSERT INTO STAGE_SEAT (id, `row`, col, `limit`, stage_id) VALUES (47, 47, 1, 2, 4);
INSERT INTO STAGE_SEAT (id, `row`, col, `limit`, stage_id) VALUES (48, 48, 1, 2, 4);
INSERT INTO STAGE_SEAT (id, `row`, col, `limit`, stage_id) VALUES (49, 49, 1, 2, 4);
INSERT INTO STAGE_SEAT (id, `row`, col, `limit`, stage_id) VALUES (50, 50, 1, 2, 4);
INSERT INTO STAGE_SEAT (id, `row`, col, `limit`, stage_id) VALUES (51, 51, 1, 2, 4);
INSERT INTO STAGE_SEAT (id, `row`, col, `limit`, stage_id) VALUES (52, 52, 1, 2, 4);
INSERT INTO STAGE_SEAT (id, `row`, col, `limit`, stage_id) VALUES (53, 53, 1, 2, 4);
INSERT INTO STAGE_SEAT (id, `row`, col, `limit`, stage_id) VALUES (54, 54, 1, 2, 4);
INSERT INTO STAGE_SEAT (id, `row`, col, `limit`, stage_id) VALUES (55, 55, 1, 2, 4);
INSERT INTO STAGE_SEAT (id, `row`, col, `limit`, stage_id) VALUES (56, 56, 1, 2, 4);
INSERT INTO STAGE_SEAT (id, `row`, col, `limit`, stage_id) VALUES (57, 57, 1, 2, 4);
INSERT INTO STAGE_SEAT (id, `row`, col, `limit`, stage_id) VALUES (58, 58, 1, 2, 4);
INSERT INTO STAGE_SEAT (id, `row`, col, `limit`, stage_id) VALUES (59, 59, 1, 2, 4);
INSERT INTO STAGE_SEAT (id, `row`, col, `limit`, stage_id) VALUES (60, 60, 1, 2, 4);
INSERT INTO STAGE_SEAT (id, `row`, col, `limit`, stage_id) VALUES (61, 61, 1, 2, 4);
INSERT INTO STAGE_SEAT (id, `row`, col, `limit`, stage_id) VALUES (62, 62, 1, 2, 4);
INSERT INTO STAGE_SEAT (id, `row`, col, `limit`, stage_id) VALUES (63, 63, 1, 2, 4);
INSERT INTO STAGE_SEAT (id, `row`, col, `limit`, stage_id) VALUES (64, 64, 1, 2, 4);
INSERT INTO STAGE_SEAT (id, `row`, col, `limit`, stage_id) VALUES (65, 65, 1, 2, 4);
INSERT INTO STAGE_SEAT (id, `row`, col, `limit`, stage_id) VALUES (66, 66, 1, 2, 4);
INSERT INTO STAGE_SEAT (id, `row`, col, `limit`, stage_id) VALUES (67, 67, 1, 2, 4);
INSERT INTO STAGE_SEAT (id, `row`, col, `limit`, stage_id) VALUES (68, 68, 1, 2, 4);
INSERT INTO STAGE_SEAT (id, `row`, col, `limit`, stage_id) VALUES (69, 69, 1, 2, 4);
INSERT INTO STAGE_SEAT (id, `row`, col, `limit`, stage_id) VALUES (70, 70, 1, 2, 4);
INSERT INTO STAGE_SEAT (id, `row`, col, `limit`, stage_id) VALUES (71, 71, 1, 2, 4);
INSERT INTO STAGE_SEAT (id, `row`, col, `limit`, stage_id) VALUES (72, 72, 1, 2, 4);
INSERT INTO STAGE_SEAT (id, `row`, col, `limit`, stage_id) VALUES (73, 73, 1, 2, 4);
INSERT INTO STAGE_SEAT (id, `row`, col, `limit`, stage_id) VALUES (74, 74, 1, 2, 4);
INSERT INTO STAGE_SEAT (id, `row`, col, `limit`, stage_id) VALUES (75, 75, 1, 2, 4);
INSERT INTO STAGE_SEAT (id, `row`, col, `limit`, stage_id) VALUES (76, 76, 1, 2, 4);
INSERT INTO STAGE_SEAT (id, `row`, col, `limit`, stage_id) VALUES (77, 77, 1, 2, 4);
INSERT INTO STAGE_SEAT (id, `row`, col, `limit`, stage_id) VALUES (78, 78, 1, 2, 4);
INSERT INTO STAGE_SEAT (id, `row`, col, `limit`, stage_id) VALUES (79, 79, 1, 2, 4);
INSERT INTO STAGE_SEAT (id, `row`, col, `limit`, stage_id) VALUES (80, 80, 1, 2, 4);
INSERT INTO STAGE_SEAT (id, `row`, col, `limit`, stage_id) VALUES (81, 81, 1, 2, 4);
INSERT INTO STAGE_SEAT (id, `row`, col, `limit`, stage_id) VALUES (82, 82, 1, 2, 4);
INSERT INTO STAGE_SEAT (id, `row`, col, `limit`, stage_id) VALUES (83, 83, 1, 2, 4);
INSERT INTO STAGE_SEAT (id, `row`, col, `limit`, stage_id) VALUES (84, 84, 1, 2, 4);
INSERT INTO STAGE_SEAT (id, `row`, col, `limit`, stage_id) VALUES (85, 85, 1, 2, 4);
INSERT INTO STAGE_SEAT (id, `row`, col, `limit`, stage_id) VALUES (86, 86, 1, 2, 4);
INSERT INTO STAGE_SEAT (id, `row`, col, `limit`, stage_id) VALUES (87, 87, 1, 2, 4);
INSERT INTO STAGE_SEAT (id, `row`, col, `limit`, stage_id) VALUES (88, 88, 1, 2, 4);
INSERT INTO STAGE_SEAT (id, `row`, col, `limit`, stage_id) VALUES (89, 89, 1, 2, 4);
INSERT INTO STAGE_SEAT (id, `row`, col, `limit`, stage_id) VALUES (90, 90, 1, 2, 4);
INSERT INTO STAGE_SEAT (id, `row`, col, `limit`, stage_id) VALUES (91, 91, 1, 2, 4);
INSERT INTO STAGE_SEAT (id, `row`, col, `limit`, stage_id) VALUES (92, 92, 1, 2, 4);
INSERT INTO STAGE_SEAT (id, `row`, col, `limit`, stage_id) VALUES (93, 93, 1, 2, 4);
INSERT INTO STAGE_SEAT (id, `row`, col, `limit`, stage_id) VALUES (94, 94, 1, 2, 4);
INSERT INTO STAGE_SEAT (id, `row`, col, `limit`, stage_id) VALUES (95, 95, 1, 2, 4);
INSERT INTO STAGE_SEAT (id, `row`, col, `limit`, stage_id) VALUES (96, 96, 1, 2, 4);
INSERT INTO STAGE_SEAT (id, `row`, col, `limit`, stage_id) VALUES (97, 97, 1, 2, 4);
INSERT INTO STAGE_SEAT (id, `row`, col, `limit`, stage_id) VALUES (98, 98, 1, 2, 4);
INSERT INTO STAGE_SEAT (id, `row`, col, `limit`, stage_id) VALUES (99, 99, 1, 2, 4);
INSERT INTO STAGE_SEAT (id, `row`, col, `limit`, stage_id) VALUES (100, 100, 1, 2, 4);
INSERT INTO STAGE_SEAT (id, `row`, col, `limit`, stage_id) VALUES (101, 101, 1, 2, 4);
INSERT INTO STAGE_SEAT (id, `row`, col, `limit`, stage_id) VALUES (102, 102, 1, 2, 4);
INSERT INTO STAGE_SEAT (id, `row`, col, `limit`, stage_id) VALUES (103, 103, 1, 2, 4);
INSERT INTO STAGE_SEAT (id, `row`, col, `limit`, stage_id) VALUES (104, 104, 1, 2, 4);
INSERT INTO STAGE_SEAT (id, `row`, col, `limit`, stage_id) VALUES (105, 105, 1, 2, 4);
INSERT INTO STAGE_SEAT (id, `row`, col, `limit`, stage_id) VALUES (106, 106, 1, 2, 4);
INSERT INTO STAGE_SEAT (id, `row`, col, `limit`, stage_id) VALUES (107, 107, 1, 2, 4);
INSERT INTO STAGE_SEAT (id, `row`, col, `limit`, stage_id) VALUES (108, 108, 1, 2, 4);
INSERT INTO STAGE_SEAT (id, `row`, col, `limit`, stage_id) VALUES (109, 109, 1, 2, 4);
INSERT INTO STAGE_SEAT (id, `row`, col, `limit`, stage_id) VALUES (110, 110, 1, 2, 4);
INSERT INTO STAGE_SEAT (id, `row`, col, `limit`, stage_id) VALUES (111, 111, 1, 2, 4);
INSERT INTO STAGE_SEAT (id, `row`, col, `limit`, stage_id) VALUES (112, 112, 1, 2, 4);
INSERT INTO STAGE_SEAT (id, `row`, col, `limit`, stage_id) VALUES (113, 113, 1, 2, 4);
INSERT INTO STAGE_SEAT (id, `row`, col, `limit`, stage_id) VALUES (114, 114, 1, 2, 4);
INSERT INTO STAGE_SEAT (id, `row`, col, `limit`, stage_id) VALUES (115, 115, 1, 2, 4);
INSERT INTO STAGE_SEAT (id, `row`, col, `limit`, stage_id) VALUES (116, 116, 1, 2, 4);
INSERT INTO STAGE_SEAT (id, `row`, col, `limit`, stage_id) VALUES (117, 117, 1, 2, 4);
INSERT INTO STAGE_SEAT (id, `row`, col, `limit`, stage_id) VALUES (118, 118, 1, 2, 4);
INSERT INTO STAGE_SEAT (id, `row`, col, `limit`, stage_id) VALUES (119, 119, 1, 2, 4);
INSERT INTO STAGE_SEAT (id, `row`, col, `limit`, stage_id) VALUES (120, 120, 1, 2, 4);
INSERT INTO STAGE_SEAT (id, `row`, col, `limit`, stage_id) VALUES (121, 121, 1, 2, 4);
INSERT INTO STAGE_SEAT (id, `row`, col, `limit`, stage_id) VALUES (122, 122, 1, 2, 4);
INSERT INTO STAGE_SEAT (id, `row`, col, `limit`, stage_id) VALUES (123, 123, 1, 2, 4);
INSERT INTO STAGE_SEAT (id, `row`, col, `limit`, stage_id) VALUES (124, 124, 1, 2, 4);
INSERT INTO STAGE_SEAT (id, `row`, col, `limit`, stage_id) VALUES (125, 125, 1, 2, 4);
INSERT INTO STAGE_SEAT (id, `row`, col, `limit`, stage_id) VALUES (126, 126, 1, 2, 4);
INSERT INTO STAGE_SEAT (id, `row`, col, `limit`, stage_id) VALUES (127, 127, 1, 2, 4);
INSERT INTO STAGE_SEAT (id, `row`, col, `limit`, stage_id) VALUES (128, 128, 1, 2, 4);
INSERT INTO STAGE_SEAT (id, `row`, col, `limit`, stage_id) VALUES (129, 129, 1, 2, 4);
INSERT INTO STAGE_SEAT (id, `row`, col, `limit`, stage_id) VALUES (130, 130, 1, 2, 4);
INSERT INTO STAGE_SEAT (id, `row`, col, `limit`, stage_id) VALUES (131, 131, 1, 2, 4);
INSERT INTO STAGE_SEAT (id, `row`, col, `limit`, stage_id) VALUES (132, 132, 1, 2, 4);
INSERT INTO STAGE_SEAT (id, `row`, col, `limit`, stage_id) VALUES (133, 133, 1, 2, 4);
INSERT INTO STAGE_SEAT (id, `row`, col, `limit`, stage_id) VALUES (134, 134, 1, 2, 4);
INSERT INTO STAGE_SEAT (id, `row`, col, `limit`, stage_id) VALUES (135, 135, 1, 2, 4);
INSERT INTO STAGE_SEAT (id, `row`, col, `limit`, stage_id) VALUES (136, 136, 1, 2, 4);
INSERT INTO STAGE_SEAT (id, `row`, col, `limit`, stage_id) VALUES (137, 137, 1, 2, 4);
INSERT INTO STAGE_SEAT (id, `row`, col, `limit`, stage_id) VALUES (138, 138, 1, 2, 4);
INSERT INTO STAGE_SEAT (id, `row`, col, `limit`, stage_id) VALUES (139, 139, 1, 2, 4);
INSERT INTO STAGE_SEAT (id, `row`, col, `limit`, stage_id) VALUES (140, 140, 1, 2, 4);
INSERT INTO STAGE_SEAT (id, `row`, col, `limit`, stage_id) VALUES (141, 141, 1, 2, 4);
INSERT INTO STAGE_SEAT (id, `row`, col, `limit`, stage_id) VALUES (142, 142, 1, 2, 4);
INSERT INTO STAGE_SEAT (id, `row`, col, `limit`, stage_id) VALUES (143, 143, 1, 2, 4);
INSERT INTO STAGE_SEAT (id, `row`, col, `limit`, stage_id) VALUES (144, 144, 1, 2, 4);
INSERT INTO STAGE_SEAT (id, `row`, col, `limit`, stage_id) VALUES (145, 145, 1, 2, 4);
INSERT INTO STAGE_SEAT (id, `row`, col, `limit`, stage_id) VALUES (146, 146, 1, 2, 4);
INSERT INTO STAGE_SEAT (id, `row`, col, `limit`, stage_id) VALUES (147, 147, 1, 2, 4);
INSERT INTO STAGE_SEAT (id, `row`, col, `limit`, stage_id) VALUES (148, 148, 1, 2, 4);
INSERT INTO STAGE_SEAT (id, `row`, col, `limit`, stage_id) VALUES (149, 149, 1, 2, 4);
INSERT INTO STAGE_SEAT (id, `row`, col, `limit`, stage_id) VALUES (150, 150, 1, 2, 4);
INSERT INTO STAGE_SEAT (id, `row`, col, `limit`, stage_id) VALUES (151, 151, 1, 2, 4);
INSERT INTO STAGE_SEAT (id, `row`, col, `limit`, stage_id) VALUES (152, 152, 1, 2, 4);
INSERT INTO STAGE_SEAT (id, `row`, col, `limit`, stage_id) VALUES (153, 153, 1, 2, 4);
INSERT INTO STAGE_SEAT (id, `row`, col, `limit`, stage_id) VALUES (154, 154, 1, 2, 4);
INSERT INTO STAGE_SEAT (id, `row`, col, `limit`, stage_id) VALUES (155, 155, 1, 2, 4);
INSERT INTO STAGE_SEAT (id, `row`, col, `limit`, stage_id) VALUES (156, 156, 1, 2, 4);
INSERT INTO STAGE_SEAT (id, `row`, col, `limit`, stage_id) VALUES (157, 157, 1, 2, 4);
INSERT INTO STAGE_SEAT (id, `row`, col, `limit`, stage_id) VALUES (158, 158, 1, 2, 4);
INSERT INTO STAGE_SEAT (id, `row`, col, `limit`, stage_id) VALUES (159, 159, 1, 2, 4);
INSERT INTO STAGE_SEAT (id, `row`, col, `limit`, stage_id) VALUES (160, 160, 1, 2, 4);
INSERT INTO STAGE_SEAT (id, `row`, col, `limit`, stage_id) VALUES (161, 161, 1, 2, 4);
INSERT INTO STAGE_SEAT (id, `row`, col, `limit`, stage_id) VALUES (162, 162, 1, 2, 4);
INSERT INTO STAGE_SEAT (id, `row`, col, `limit`, stage_id) VALUES (163, 163, 1, 2, 4);
INSERT INTO STAGE_SEAT (id, `row`, col, `limit`, stage_id) VALUES (164, 164, 1, 2, 4);
INSERT INTO STAGE_SEAT (id, `row`, col, `limit`, stage_id) VALUES (165, 165, 1, 2, 4);
INSERT INTO STAGE_SEAT (id, `row`, col, `limit`, stage_id) VALUES (166, 166, 1, 2, 4);
INSERT INTO STAGE_SEAT (id, `row`, col, `limit`, stage_id) VALUES (167, 167, 1, 2, 4);
INSERT INTO STAGE_SEAT (id, `row`, col, `limit`, stage_id) VALUES (168, 168, 1, 2, 4);
INSERT INTO STAGE_SEAT (id, `row`, col, `limit`, stage_id) VALUES (169, 169, 1, 2, 4);
INSERT INTO STAGE_SEAT (id, `row`, col, `limit`, stage_id) VALUES (170, 170, 1, 2, 4);
INSERT INTO STAGE_SEAT (id, `row`, col, `limit`, stage_id) VALUES (171, 171, 1, 2, 4);
INSERT INTO STAGE_SEAT (id, `row`, col, `limit`, stage_id) VALUES (172, 172, 1, 2, 4);
INSERT INTO STAGE_SEAT (id, `row`, col, `limit`, stage_id) VALUES (173, 173, 1, 2, 4);
INSERT INTO STAGE_SEAT (id, `row`, col, `limit`, stage_id) VALUES (174, 174, 1, 2, 4);
INSERT INTO STAGE_SEAT (id, `row`, col, `limit`, stage_id) VALUES (175, 175, 1, 2, 4);
INSERT INTO STAGE_SEAT (id, `row`, col, `limit`, stage_id) VALUES (176, 176, 1, 2, 4);
INSERT INTO STAGE_SEAT (id, `row`, col, `limit`, stage_id) VALUES (177, 177, 1, 2, 4);
INSERT INTO STAGE_SEAT (id, `row`, col, `limit`, stage_id) VALUES (178, 178, 1, 2, 4);
INSERT INTO STAGE_SEAT (id, `row`, col, `limit`, stage_id) VALUES (179, 179, 1, 2, 4);
INSERT INTO STAGE_SEAT (id, `row`, col, `limit`, stage_id) VALUES (180, 180, 1, 2, 4);
INSERT INTO STAGE_SEAT (id, `row`, col, `limit`, stage_id) VALUES (181, 181, 1, 2, 4);
INSERT INTO STAGE_SEAT (id, `row`, col, `limit`, stage_id) VALUES (182, 182, 1, 2, 4);
INSERT INTO STAGE_SEAT (id, `row`, col, `limit`, stage_id) VALUES (183, 183, 1, 2, 4);
INSERT INTO STAGE_SEAT (id, `row`, col, `limit`, stage_id) VALUES (184, 184, 1, 2, 4);
INSERT INTO STAGE_SEAT (id, `row`, col, `limit`, stage_id) VALUES (185, 185, 1, 2, 4);
INSERT INTO STAGE_SEAT (id, `row`, col, `limit`, stage_id) VALUES (186, 186, 1, 2, 4);
INSERT INTO STAGE_SEAT (id, `row`, col, `limit`, stage_id) VALUES (187, 187, 1, 2, 4);
INSERT INTO STAGE_SEAT (id, `row`, col, `limit`, stage_id) VALUES (188, 188, 1, 2, 4);
INSERT INTO STAGE_SEAT (id, `row`, col, `limit`, stage_id) VALUES (189, 189, 1, 2, 4);
INSERT INTO STAGE_SEAT (id, `row`, col, `limit`, stage_id) VALUES (190, 190, 1, 2, 4);
INSERT INTO STAGE_SEAT (id, `row`, col, `limit`, stage_id) VALUES (191, 191, 1, 2, 4);
INSERT INTO STAGE_SEAT (id, `row`, col, `limit`, stage_id) VALUES (192, 192, 1, 2, 4);
INSERT INTO STAGE_SEAT (id, `row`, col, `limit`, stage_id) VALUES (193, 193, 1, 2, 4);
INSERT INTO STAGE_SEAT (id, `row`, col, `limit`, stage_id) VALUES (194, 194, 1, 2, 4);
INSERT INTO STAGE_SEAT (id, `row`, col, `limit`, stage_id) VALUES (195, 195, 1, 2, 4);
INSERT INTO STAGE_SEAT (id, `row`, col, `limit`, stage_id) VALUES (196, 196, 1, 2, 4);
INSERT INTO STAGE_SEAT (id, `row`, col, `limit`, stage_id) VALUES (197, 197, 1, 2, 4);
INSERT INTO STAGE_SEAT (id, `row`, col, `limit`, stage_id) VALUES (198, 198, 1, 2, 4);
INSERT INTO STAGE_SEAT (id, `row`, col, `limit`, stage_id) VALUES (199, 199, 1, 2, 4);
INSERT INTO STAGE_SEAT (id, `row`, col, `limit`, stage_id) VALUES (200, 200, 1, 2, 4);
